{
    "assamese": [
        [
            -352.97607421875,
            54.067726135253906,
            18.45848846435547,
            20.913288116455078,
            8.432467460632324,
            -12.330926895141602,
            -1.7521592378616333,
            -17.29972267150879,
            -10.587217330932617,
            -7.920684337615967,
            -5.948381423950195,
            -1.488990306854248,
            -12.696846961975098
        ]
    ],
    "bengali": [
        [
            -208.31448364257812,
            76.15728759765625,
            2.030946969985962,
            23.28925323486328,
            -23.846054077148438,
            -12.90372371673584,
            -10.051128387451172,
            -27.737794876098633,
            -5.5440239906311035,
            -13.415651321411133,
            -2.2430410385131836,
            -10.067407608032227,
            -8.459087371826172
        ]
    ],
    "kannada": [
        [
            -262.0046691894531,
            111.14125061035156,
            4.525247097015381,
            35.592323303222656,
            -16.434377670288086,
            -12.326852798461914,
            -17.312856674194336,
            -16.789073944091797,
            -17.036855697631836,
            -1.5501995086669922,
            -5.975246906280518,
            -7.2369561195373535,
            0.08284274488687515
        ]
    ],
    "kashmiri": [
        [
            -412.676513671875,
            95.08119201660156,
            28.340871810913086,
            -2.4452335834503174,
            9.754705429077148,
            -3.5046005249023438,
            -23.995738983154297,
            3.3646228313446045,
            -17.719562530517578,
            -5.5036516189575195,
            -11.369852066040039,
            -0.7717611789703369,
            -12.781356811523438
        ]
    ],
    "malyalam": [
        [
            -413.6013488769531,
            24.01917266845703,
            11.920501708984375,
            32.6950798034668,
            3.182924747467041,
            13.38888168334961,
            -13.7384614944458,
            5.134647846221924,
            -2.8257646560668945,
            -4.97634220123291,
            -4.849794864654541,
            0.12987010180950165,
            -14.374262809753418
        ]
    ],
    "punjabi": [
        [
            -276.5891418457031,
            111.68651580810547,
            -11.68254566192627,
            20.512313842773438,
            -2.7041711807250977,
            -5.139605522155762,
            -16.404834747314453,
            -3.9066076278686523,
            0.5130629539489746,
            -6.280428409576416,
            -3.320906400680542,
            6.314494609832764,
            -13.709421157836914
        ]
    ],
    "telugu": [
        [
            -353.2561950683594,
            111.86807250976562,
            -12.203803062438965,
            1.0975528955459595,
            -22.401988983154297,
            -22.350248336791992,
            -23.95430564880371,
            -12.95689868927002,
            -12.875678062438965,
            -5.104660511016846,
            -15.505449295043945,
            -11.708561897277832,
            -1.1496922969818115
        ]
    ]
}